-- =============================================
-- 003: シードデータ（デモ用）
-- =============================================
-- 注意: Supabase Auth でユーザー作成後に手動実行してください

-- 会社
INSERT INTO companies (id, name, fiscal_month, currency) VALUES
  ('00000000-0000-0000-0000-000000000001', 'デモ株式会社', 4, 'JPY')
ON CONFLICT DO NOTHING;

-- 事業 (4事業)
INSERT INTO businesses (id, company_id, name, code, color, sort_order) VALUES
  ('10000000-0000-0000-0000-000000000001','00000000-0000-0000-0000-000000000001','事業A（コンサルティング）','BIZ_A','#6366f1',1),
  ('10000000-0000-0000-0000-000000000002','00000000-0000-0000-0000-000000000001','事業B（SaaS）','BIZ_B','#10b981',2),
  ('10000000-0000-0000-0000-000000000003','00000000-0000-0000-0000-000000000001','事業C（製造）','BIZ_C','#f59e0b',3),
  ('10000000-0000-0000-0000-000000000004','00000000-0000-0000-0000-000000000001','事業D（EC）','BIZ_D','#06b6d4',4)
ON CONFLICT DO NOTHING;

-- PL実績 2025年度 (4月〜9月 = month 4〜9)
-- 事業A
INSERT INTO pl_actuals (business_id, fiscal_year, month, sales, cogs, sg_personnel, sg_marketing, sg_other, status) VALUES
  ('10000000-0000-0000-0000-000000000001',2025,4, 66,22,12,4,3,'approved'),
  ('10000000-0000-0000-0000-000000000001',2025,5, 68,23,12,4,3,'approved'),
  ('10000000-0000-0000-0000-000000000001',2025,6, 72,24,13,4,3,'approved'),
  ('10000000-0000-0000-0000-000000000001',2025,7, 74,25,13,4,4,'approved'),
  ('10000000-0000-0000-0000-000000000001',2025,8, 70,24,12,4,4,'approved'),
  ('10000000-0000-0000-0000-000000000001',2025,9, 75,25,14,4,4,'draft')
ON CONFLICT (business_id, fiscal_year, month) DO NOTHING;

-- 事業B
INSERT INTO pl_actuals (business_id, fiscal_year, month, sales, cogs, sg_personnel, sg_marketing, sg_other, status) VALUES
  ('10000000-0000-0000-0000-000000000002',2025,4, 53,15,10,4,3,'approved'),
  ('10000000-0000-0000-0000-000000000002',2025,5, 55,16,10,5,3,'approved'),
  ('10000000-0000-0000-0000-000000000002',2025,6, 58,17,11,5,3,'approved'),
  ('10000000-0000-0000-0000-000000000002',2025,7, 61,18,12,5,3,'approved'),
  ('10000000-0000-0000-0000-000000000002',2025,8, 58,17,11,5,3,'approved'),
  ('10000000-0000-0000-0000-000000000002',2025,9, 64,19,12,6,3,'draft')
ON CONFLICT (business_id, fiscal_year, month) DO NOTHING;

-- 事業C
INSERT INTO pl_actuals (business_id, fiscal_year, month, sales, cogs, sg_personnel, sg_marketing, sg_other, status) VALUES
  ('10000000-0000-0000-0000-000000000003',2025,4,106,69,12,4,3,'approved'),
  ('10000000-0000-0000-0000-000000000003',2025,5,108,70,13,4,3,'approved'),
  ('10000000-0000-0000-0000-000000000003',2025,6,112,73,13,4,3,'approved'),
  ('10000000-0000-0000-0000-000000000003',2025,7,114,74,14,4,3,'approved'),
  ('10000000-0000-0000-0000-000000000003',2025,8,110,72,13,4,3,'approved'),
  ('10000000-0000-0000-0000-000000000003',2025,9,116,75,14,4,4,'draft')
ON CONFLICT (business_id, fiscal_year, month) DO NOTHING;

-- 事業D
INSERT INTO pl_actuals (business_id, fiscal_year, month, sales, cogs, sg_personnel, sg_marketing, sg_other, status) VALUES
  ('10000000-0000-0000-0000-000000000004',2025,4, 86,52,10,4,3,'approved'),
  ('10000000-0000-0000-0000-000000000004',2025,5, 88,53,10,4,3,'approved'),
  ('10000000-0000-0000-0000-000000000004',2025,6, 92,55,11,4,3,'approved'),
  ('10000000-0000-0000-0000-000000000004',2025,7, 95,57,11,5,3,'approved'),
  ('10000000-0000-0000-0000-000000000004',2025,8, 91,55,10,5,3,'approved'),
  ('10000000-0000-0000-0000-000000000004',2025,9, 97,58,12,5,3,'draft')
ON CONFLICT (business_id, fiscal_year, month) DO NOTHING;

-- PL計画 2025年度 (全12ヶ月)
INSERT INTO pl_plans (business_id, fiscal_year, month, version, sales, cogs, sg_personnel, sg_marketing, sg_other, is_active) VALUES
  ('10000000-0000-0000-0000-000000000001',2025, 4,1,65,22,12,4,3,true),
  ('10000000-0000-0000-0000-000000000001',2025, 5,1,68,23,13,4,3,true),
  ('10000000-0000-0000-0000-000000000001',2025, 6,1,71,24,13,4,3,true),
  ('10000000-0000-0000-0000-000000000001',2025, 7,1,75,25,14,4,3,true),
  ('10000000-0000-0000-0000-000000000001',2025, 8,1,72,24,13,4,4,true),
  ('10000000-0000-0000-0000-000000000001',2025, 9,1,76,26,14,4,4,true),
  ('10000000-0000-0000-0000-000000000001',2025,10,1,78,26,14,4,4,true),
  ('10000000-0000-0000-0000-000000000001',2025,11,1,80,27,15,4,4,true),
  ('10000000-0000-0000-0000-000000000001',2025,12,1,82,28,15,4,4,true),
  ('10000000-0000-0000-0000-000000000001',2025, 1,1,85,29,16,4,4,true),
  ('10000000-0000-0000-0000-000000000001',2025, 2,1,86,29,16,5,4,true),
  ('10000000-0000-0000-0000-000000000001',2025, 3,1,88,30,17,5,4,true)
ON CONFLICT DO NOTHING;

INSERT INTO pl_plans (business_id, fiscal_year, month, version, sales, cogs, sg_personnel, sg_marketing, sg_other, is_active) VALUES
  ('10000000-0000-0000-0000-000000000002',2025, 4,1,54,16,10,4,4,true),
  ('10000000-0000-0000-0000-000000000002',2025, 5,1,56,16,10,4,4,true),
  ('10000000-0000-0000-0000-000000000002',2025, 6,1,59,17,11,5,3,true),
  ('10000000-0000-0000-0000-000000000002',2025, 7,1,62,18,12,5,3,true),
  ('10000000-0000-0000-0000-000000000002',2025, 8,1,60,18,11,5,3,true),
  ('10000000-0000-0000-0000-000000000002',2025, 9,1,65,19,12,6,3,true),
  ('10000000-0000-0000-0000-000000000002',2025,10,1,67,20,12,6,4,true),
  ('10000000-0000-0000-0000-000000000002',2025,11,1,69,20,13,6,3,true),
  ('10000000-0000-0000-0000-000000000002',2025,12,1,71,21,13,6,4,true),
  ('10000000-0000-0000-0000-000000000002',2025, 1,1,73,22,14,6,4,true),
  ('10000000-0000-0000-0000-000000000002',2025, 2,1,75,22,14,6,4,true),
  ('10000000-0000-0000-0000-000000000002',2025, 3,1,78,23,15,6,4,true)
ON CONFLICT DO NOTHING;

INSERT INTO pl_plans (business_id, fiscal_year, month, version, sales, cogs, sg_personnel, sg_marketing, sg_other, is_active) VALUES
  ('10000000-0000-0000-0000-000000000003',2025, 4,1,107,70,13,4,2,true),
  ('10000000-0000-0000-0000-000000000003',2025, 5,1,110,72,13,4,3,true),
  ('10000000-0000-0000-0000-000000000003',2025, 6,1,112,73,13,4,3,true),
  ('10000000-0000-0000-0000-000000000003',2025, 7,1,116,75,14,4,3,true),
  ('10000000-0000-0000-0000-000000000003',2025, 8,1,113,74,13,4,3,true),
  ('10000000-0000-0000-0000-000000000003',2025, 9,1,130,80,14,5,2,true),
  ('10000000-0000-0000-0000-000000000003',2025,10,1,120,78,14,4,4,true),
  ('10000000-0000-0000-0000-000000000003',2025,11,1,119,77,14,4,3,true),
  ('10000000-0000-0000-0000-000000000003',2025,12,1,123,80,15,4,3,true),
  ('10000000-0000-0000-0000-000000000003',2025, 1,1,125,81,15,5,3,true),
  ('10000000-0000-0000-0000-000000000003',2025, 2,1,128,83,16,5,2,true),
  ('10000000-0000-0000-0000-000000000003',2025, 3,1,132,86,16,5,3,true)
ON CONFLICT DO NOTHING;

INSERT INTO pl_plans (business_id, fiscal_year, month, version, sales, cogs, sg_personnel, sg_marketing, sg_other, is_active) VALUES
  ('10000000-0000-0000-0000-000000000004',2025, 4,1,87,52,10,5,2,true),
  ('10000000-0000-0000-0000-000000000004',2025, 5,1,90,54,10,5,3,true),
  ('10000000-0000-0000-0000-000000000004',2025, 6,1,93,56,11,5,2,true),
  ('10000000-0000-0000-0000-000000000004',2025, 7,1,96,58,11,5,3,true),
  ('10000000-0000-0000-0000-000000000004',2025, 8,1,94,56,10,5,3,true),
  ('10000000-0000-0000-0000-000000000004',2025, 9,1,98,59,12,5,3,true),
  ('10000000-0000-0000-0000-000000000004',2025,10,1,101,61,12,5,3,true),
  ('10000000-0000-0000-0000-000000000004',2025,11,1,100,60,12,5,3,true),
  ('10000000-0000-0000-0000-000000000004',2025,12,1,104,62,13,5,3,true),
  ('10000000-0000-0000-0000-000000000004',2025, 1,1,106,64,13,5,3,true),
  ('10000000-0000-0000-0000-000000000004',2025, 2,1,109,65,14,5,3,true),
  ('10000000-0000-0000-0000-000000000004',2025, 3,1,113,68,15,5,3,true)
ON CONFLICT DO NOTHING;
